respondent_id,cluster
3288388730,1
3290749229,1
3290799403,1
3290796650,1
3290792507,1
3290781544,1
3290781039,1
3290779140,1
3290778828,1
3290836653,1
3290834007,1
3290810023,1
3290805125,1
3290767535,1
3290757230,1
3290755451,1
3288459190,1
3288453555,1
3288446700,1
3288444784,1
3288428243,1
3288420798,1
3288414025,1
3288373068,1
3292765271,1
3292763116,1
3292719380,1
3292684787,1
3292654043,1
3292640424,1
3292609214,1
3288398062,1
3288625580,1
3288618459,1
3288614195,1
3288604946,1
3288602883,1
3288601847,1
3288599799,1
3288584578,1
3288583884,1
3292178389,1
3292176862,1
3292173922,1
3292148570,1
3292125068,1
3288563065,1
3288559015,1
3288740386,1
3288719090,1
3288697760,1
3288682656,1
3288678886,1
3288668791,1
3288668176,1
3288657113,1
3288653548,1
3288653149,1
3288647913,1
3288644592,1
3292050153,1
3292041365,1
3291778150,1
3288639377,1
3289322178,1
3289274314,1
3289236782,1
3289198607,1
3289153001,1
3289148779,1
3289095873,1
3289054324,1
3289049751,1
3291661584,1
3291658046,1
3291641416,1
3291634205,1
3291602842,1
3288750443,1
3288741236,1
3289472648,1
3289467778,1
3289463066,1
3289453110,1
3289448435,1
3289414036,1
3289398157,1
3289394268,1
3291524547,1
3291482197,1
3291468155,1
3291446474,1
3291446275,1
3289381739,1
3289351950,1
3289351379,1
3289522048,1
3289588064,1
3289582090,1
3289567355,1
3289552625,1
3289540349,1
3289539921,1
3289537363,1
3289531711,1
3289529064,1
3289526845,1
3289510637,1
3289489736,1
3291435787,1
3291431939,1
3289383220,1
3289722110,1
3289628791,1
3289692258,1
3289684323,1
3289681765,1
3289673695,1
3289652167,1
3289645505,1
3291181010,1
3291391446,1
3291375306,1
3289621004,1
3289619487,1
3289610391,1
3289600885,1
3289598419,1
3289847932,1
3289843973,1
3289821310,1
3289813977,1
3289799650,1
3289786719,1
3289758800,1
3291330710,1
3291327304,1
3291267852,1
3291262515,1
3291184745,1
3289752347,1
3289751464,1
3289735954,1
3289725827,1
3289913649,1
3289911175,1
3289907541,1
3289902115,1
3289895732,1
3289877093,1
3289870772,1
3291145258,1
3291141478,1
3291119656,1
3291101925,1
3291094347,1
3291092094,1
3291077381,1
3291056296,1
3289855873,1
3290029531,1
3290024333,1
3290022302,1
3290011286,1
3290005674,1
3289995352,1
3289986698,1
3289985995,1
3289971256,1
3289952496,1
3289949409,1
3291051343,1
3291043176,1
3291042516,1
3289918842,1
3289914533,1
3290223393,1
3290173775,1
3290063543,1
3290148834,1
3290145517,1
3290125550,1
3290124259,1
3290032864,1
3290068765,1
3291007877,1
3290999912,1
3290996933,1
3290992477,1
3290058216,1
3290048884,1
3290042369,1
3290342169,1
3290342102,1
3290337251,1
3290318577,1
3290317691,1
3290316632,1
3290316375,1
3290315336,1
3290309722,1
3290977827,1
3290975724,1
3290973695,1
3290971358,1
3290283139,1
3290279732,1
3290262568,1
3290505081,1
3290500457,1
3290491807,1
3290477551,1
3290467000,1
3290437717,1
3290427764,1
3290411058,1
3290409431,1
3290394872,1
3290947011,1
3290941824,1
3290922858,1
3290920752,1
3290919419,1
3290350512,1
3290631608,1
3290630282,1
3290624447,1
3290617461,1
3290515688,1
3290600057,1
3290598307,1
3290582716,1
3290572568,1
3290569001,1
3290565768,1
3290917131,1
3290912014,1
3290906022,1
3290903423,1
3290544865,1
3290700285,1
3290700214,1
3290691758,1
3290687830,1
3290684287,1
3290678952,1
3290676695,1
3290667297,1
3290841815,1
3290879019,1
3290860908,1
3290860842,1
3290600559,1
3290655784,1
3290640323,1
3290638529,1
3290753390,1
3290746853,1
3290739967,1
3290739235,1
3290733932,1
3290733316,1
3290727763,1
3290714484,1
3290711487,1
3290711262,1
3290853559,1
3290848617,1
3290846466,1
3290706716,1
3290706611,1
3290703210,1
3288558131,1
3288501301,1
3288536532,1
3288534023,1
3288524042,1
3288519037,1
3288516295,1
3288514217,1
3288512822,1
3288502884,1
3292330840,1
3292281095,1
3292264069,1
3288493077,1
3288492006,1
3288482369,1
3288401136,1
3288401681,1
3288402511,1
3292366792,1
3292465491,1
3292483200,1
3292521066,1
3292572872,1
3292580516,1
3292879998,1
3288429092,2
3288378779,2
3288389603,2
3288402643,2
3288408698,2
3292583038,2
3292376985,2
3292380493,2
3292420123,2
3290116182,2
3290125784,2
3290125801,2
3291002672,2
3290046627,2
3290047483,2
3290047842,2
3288429451,2
3292339379,2
3288445926,2
3288410348,2
3288476971,2
3290819415,2
3290829888,2
3290779524,2
3290785928,2
3290798064,2
3290804008,2
3292511801,2
3292522349,2
3292562297,2
3292565282,2
3288423045,2
3292120160,2
3292131636,2
3292143503,2
3290687981,2
3290732383,2
3290734874,2
3290736072,2
3290741994,2
3288512665,2
3288521325,2
3288522488,2
3288522525,2
3288538248,2
3292221635,2
3292222729,2
3292249492,2
3290854802,2
3290855818,2
3290858543,2
3290708664,2
3290711882,2
3290712204,2
3292144665,2
3292156614,2
3292162057,2
3292167131,2
3292187343,2
3288574703,2
3288578072,2
3288552984,2
3288553903,2
3288567154,2
3291588139,2
3288650455,2
3290630470,2
3290689343,2
3290699410,2
3290662118,2
3290845752,2
3288568534,2
3288623033,2
3288635451,2
3288587373,2
3291696391,2
3291701619,2
3288585053,2
3288599067,2
3290846848,2
3288672490,2
3290873342,2
3290878766,2
3290884427,2
3290888079,2
3290888102,2
3290664463,2
3290678515,2
3291762799,2
3291871486,2
3291940517,2
3291945498,2
3291992352,2
3292008762,2
3292031637,2
3292033243,2
3290659314,2
3290659818,2
3290661135,2
3290661650,2
3290863193,2
3288683105,2
3288685641,2
3288690295,2
3288698085,2
3288702291,2
3288704807,2
3288712832,2
3288713570,2
3288657866,2
3288617091,2
3288671328,2
3289064086,2
3289069642,2
3290572073,2
3290593953,2
3290597099,2
3290601892,2
3290611875,2
3290627681,2
3290627850,2
3288714827,2
3288772244,2
3288777560,2
3288793006,2
3291618031,2
3290650590,2
3290654597,2
3290910069,2
3290915885,2
3290860558,2
3290561583,2
3290565779,2
3290568339,2
3289317542,2
3289354975,2
3289358306,2
3289363684,2
3289369318,2
3289370623,2
3289177383,2
3291650311,2
3288846487,2
3288941294,2
3289450247,2
3289458608,2
3290524413,2
3290531735,2
3290551809,2
3290552963,2
3291497337,2
3291502449,2
3291529925,2
3291548852,2
3289392497,2
3289393495,2
3289410507,2
3289414959,2
3290901027,2
3290902880,2
3290506830,2
3290511533,2
3290417966,2
3290519884,2
3291424127,2
3291425110,2
3291428174,2
3291433636,2
3291437345,2
3291364062,2
3289484757,2
3289492075,2
3289423303,2
3289425578,2
3289434297,2
3289450050,2
3289625071,2
3289552996,2
3291388180,2
3289537293,2
3289543778,2
3289553473,2
3289572808,2
3289582868,2
3290401956,2
3290421738,2
3290439063,2
3289498064,2
3289498263,2
3289436437,2
3289530042,2
3290471553,2
3289664241,2
3289597035,2
3289688885,2
3289693023,2
3289695941,2
3289706727,2
3290929229,2
3290934328,2
3290944858,2
3290374523,2
3290380140,2
3291394022,2
3291395512,2
3291401326,2
3289633176,2
3289644365,2
3291312980,2
3289798759,2
3289798968,2
3289799581,2
3290325811,2
3290340804,2
3290344571,2
3290347473,2
3289725605,2
3289727014,2
3289730973,2
3289745063,2
3289757163,2
3289680108,2
3291233218,2
3291271932,2
3289878528,2
3289888015,2
3290972257,2
3290917153,2
3290296317,2
3290320007,2
3289757385,2
3289844139,2
3289857817,2
3289861464,2
3289865550,2
3291063226,2
3289809469,2
3289815685,2
3289822005,2
3289829982,2
3289835282,2
3289902920,2
3289905044,2
3289909917,2
3289866531,2
3290257673,2
3290266084,2
3290269777,2
3290283817,2
3290292697,2
3290961497,2
3291075212,2
3291121359,2
3291159863,2
3289868197,2
3289874408,2
3289988393,2
3290191566,2
3290196296,2
3290206907,2
3290209744,2
3290210801,2
3290213089,2
3290216970,2
3290229579,2
3290149698,2
3291028446,2
3291034202,2
3291045360,2
3289923980,2
3289924943,2
3289896565,2
3290058506,2
3290061815,2
3290994001,2
3289996025,2
3290010419,2
3290142232,2
3290173176,2
3290176563,2
3290109779,2
3289943405,2
3289949516,2
3289951011,2
3289955364,2
3289901633,2
3289973506,2
3289980534,2
3292257520,2
3288505737,2
3288505925,2
3288506275,2
3290749764,2
3290756394,2
3290759512,2
3290760722,2
3290773277,2
3290810177,2
3288477753,2
3288482581,2
3288482717,2
3292210606,2
3292214307,2
3292218251,2
3288417782,2
3288415166,2
3288413441,2
3292731220,2
3292663732,2
3288372923,2
3292635062,3
3292637870,3
3292879538,3
3292189580,3
3288416959,3
3288417641,3
3288421819,3
3288423088,3
3288425859,3
3288391812,3
3288395255,3
3288396374,3
3288402592,3
3288402717,3
3288410073,3
3292384040,3
3292596911,3
3290094384,3
3290095220,3
3290097268,3
3290097546,3
3290099797,3
3290103593,3
3290116629,3
3290125357,3
3290127670,3
3290128468,3
3290128978,3
3290137793,3
3290139192,3
3291001879,3
3291006540,3
3291009055,3
3291014757,3
3291015347,3
3291018581,3
3290948002,3
3290068892,3
3290070395,3
3290071379,3
3290076587,3
3290081040,3
3290081504,3
3290082468,3
3290083352,3
3290038794,3
3290047689,3
3290049231,3
3290049932,3
3290050695,3
3290062936,3
3289997196,3
3290987996,3
3290992371,3
3290998457,3
3289993284,3
3289996800,3
3289920249,3
3289997713,3
3290002601,3
3290008538,3
3290013239,3
3290014606,3
3290017901,3
3290018381,3
3290019779,3
3290019869,3
3289963393,3
3290034196,3
3290157529,3
3290159056,3
3290159455,3
3290164098,3
3290167473,3
3290174048,3
3290174629,3
3290176915,3
3290180442,3
3290182531,3
3290184813,3
3290185244,3
3289956408,3
3289962614,3
3289962839,3
3289971452,3
3289972382,3
3289987865,3
3289989311,3
3289991708,3
3290193368,3
3290201752,3
3290203063,3
3290209773,3
3290225128,3
3290227264,3
3290248279,3
3291023456,3
3291024297,3
3291029281,3
3291032418,3
3291033668,3
3291037640,3
3290984063,3
3289927404,3
3289933137,3
3289942520,3
3289943097,3
3289897826,3
3289901820,3
3289903380,3
3289905819,3
3289905986,3
3289914097,3
3289919285,3
3291022013,3
3291022275,3
3291022655,3
3290249464,3
3290268027,3
3290280642,3
3290287101,3
3290289176,3
3290294142,3
3290188213,3
3290949606,3
3290953060,3
3290961855,3
3291064417,3
3291139156,3
3291019033,3
3289873978,3
3289885747,3
3289888113,3
3289890495,3
3289891069,3
3289894873,3
3290965482,3
3290971794,3
3290973120,3
3290973177,3
3290976539,3
3290980789,3
3290295809,3
3290297761,3
3290304610,3
3290309711,3
3290310304,3
3290324518,3
3289837359,3
3289848909,3
3289854601,3
3289856557,3
3289856887,3
3289862004,3
3289864687,3
3289866259,3
3289804326,3
3291060156,3
3289802847,3
3289804031,3
3289711817,3
3289804908,3
3289805745,3
3289805753,3
3289808310,3
3289809255,3
3289812188,3
3289830199,3
3289831274,3
3289834572,3
3291290675,3
3291320154,3
3291341186,3
3291345427,3
3291052728,3
3289764515,3
3289779434,3
3289781705,3
3289790146,3
3289790475,3
3289795859,3
3289797876,3
3290248167,3
3290329580,3
3290335343,3
3290343366,3
3290358751,3
3290359700,3
3290364952,3
3290365225,3
3290371101,3
3290294922,3
3290919823,3
3290926407,3
3289713384,3
3289733444,3
3289737236,3
3289745316,3
3289753279,3
3291203531,3
3291206864,3
3291288174,3
3289653763,3
3289666523,3
3289685200,3
3289686202,3
3289689331,3
3289689591,3
3289700288,3
3289705195,3
3289706550,3
3289710382,3
3290927126,3
3290939696,3
3290944288,3
3290946211,3
3290947136,3
3290888303,3
3290371734,3
3290386524,3
3290391985,3
3290392264,3
3290392454,3
3291391717,3
3291402264,3
3291405943,3
3291410155,3
3289638367,3
3289640516,3
3289641241,3
3289646833,3
3289648154,3
3289649402,3
3289653664,3
3289610618,3
3289616064,3
3289618355,3
3289618768,3
3289618781,3
3289625905,3
3289625918,3
3289627503,3
3291378572,3
3291380973,3
3291388906,3
3291390734,3
3291391033,3
3289481310,3
3289553574,3
3289555540,3
3289560376,3
3289561190,3
3289563102,3
3289564387,3
3289569955,3
3289573606,3
3289582774,3
3289597768,3
3290398978,3
3290407409,3
3290409075,3
3290412412,3
3290328309,3
3290423155,3
3290426289,3
3290426384,3
3290428766,3
3290432121,3
3290432874,3
3290444421,3
3290448644,3
3289492759,3
3289494245,3
3289498676,3
3289505557,3
3289508774,3
3289510083,3
3289512650,3
3289526048,3
3289528214,3
3289530269,3
3289533753,3
3289536171,3
3290461455,3
3290461599,3
3290463350,3
3290371532,3
3290467062,3
3290474953,3
3290475079,3
3290496822,3
3290499953,3
3290499954,3
3290506333,3
3291424006,3
3291427761,3
3291430193,3
3291430239,3
3291435056,3
3291439404,3
3289481873,3
3289485680,3
3289316592,3
3289437997,3
3289445841,3
3289449176,3
3289459695,3
3289463626,3
3289467324,3
3289469330,3
3291421381,3
3291422637,3
3290525782,3
3290526356,3
3290532429,3
3290536294,3
3290538433,3
3290539653,3
3290544012,3
3290544886,3
3290547819,3
3290464481,3
3290888715,3
3290889443,3
3291476650,3
3291570206,3
3291420030,3
3289410455,3
3289415200,3
3289416615,3
3289418012,3
3289419064,3
3290893301,3
3290896982,3
3290906086,3
3290912485,3
3290916554,3
3290555153,3
3290561192,3
3290565487,3
3289321600,3
3289334511,3
3289334585,3
3289341349,3
3289374653,3
3289178815,3
3291455642,3
3291461574,3
3291469991,3
3291470613,3
3289172932,3
3288713721,3
3289179421,3
3289242777,3
3289262511,3
3289262699,3
3289274207,3
3289279767,3
3289281855,3
3289282741,3
3289301976,3
3289302743,3
3289305272,3
3289311086,3
3288823234,3
3291635934,3
3291648660,3
3291649780,3
3291653882,3
3291654919,3
3291669388,3
3291439708,3
3288826742,3
3289032654,3
3289112999,3
3289156917,3
3290600680,3
3290601518,3
3290602490,3
3290611716,3
3290620991,3
3290625814,3
3290626609,3
3290628419,3
3290553558,3
3288665797,3
3288714697,3
3288718743,3
3288722710,3
3288723253,3
3288728912,3
3288771826,3
3288802482,3
3288683262,3
3291598188,3
3291603688,3
3290634681,3
3290644326,3
3290651085,3
3290652558,3
3290661587,3
3290862050,3
3290863729,3
3290869696,3
3290871307,3
3288641278,3
3288687502,3
3288689621,3
3288694272,3
3288696158,3
3288698545,3
3288699973,3
3288700554,3
3288653945,3
3288660175,3
3288662617,3
3288665355,3
3288666429,3
3288668404,3
3288670345,3
3288671359,3
3288672197,3
3288672409,3
3288675923,3
3288682774,3
3290874545,3
3290881566,3
3290664069,3
3290664543,3
3290674534,3
3290681574,3
3290684868,3
3290685885,3
3290686362,3
3291707153,3
3291766314,3
3288644163,3
3288647623,3
3288649171,3
3288653332,3
3290686887,3
3290692020,3
3290693095,3
3290694269,3
3290695316,3
3290695784,3
3290700030,3
3290701442,3
3290844577,3
3290845046,3
3290845367,3
3288617343,3
3288620198,3
3288623420,3
3288623870,3
3288627180,3
3288629979,3
3288633861,3
3288638640,3
3288639732,3
3288639879,3
3288580684,3
3288581774,3
3288583591,3
3288586178,3
3288545527,3
3288588424,3
3288590836,3
3288593331,3
3288601827,3
3288608965,3
3288609566,3
3288613051,3
3288614539,3
3288614671,3
3290846769,3
3290852271,3
3290853267,3
3290858689,3
3290804128,3
3290711757,3
3290711898,3
3290714378,3
3290714430,3
3292161407,3
3292186608,3
3291684768,3
3288571196,3
3288576462,3
3288578983,3
3288579445,3
3288579719,3
3288580145,3
3288547379,3
3288549677,3
3288551156,3
3288553457,3
3288557322,3
3288559700,3
3288563342,3
3288563970,3
3288567242,3
3288515773,3
3290714941,3
3290717372,3
3290717899,3
3290718359,3
3290719847,3
3290737104,3
3290738262,3
3290740448,3
3290741405,3
3290744027,3
3290707402,3
3288511180,3
3288511686,3
3288512020,3
3288513045,3
3288472373,3
3288523874,3
3288526244,3
3288532255,3
3288532773,3
3288539645,3
3288544295,3
3292279889,3
3292290677,3
3292297848,3
3292318652,3
3292103680,3
3288504398,3
3288505151,3
3288505216,3
3288509415,3
3290758362,3
3290761823,3
3290762924,3
3290765210,3
3290767951,3
3290769012,3
3290726075,3
3290806200,3
3290807769,3
3290812610,3
3288479074,3
3288479368,3
3288484535,3
3288497010,3
3288497228,3
3288497532,3
3288498715,3
3288499757,3
3288432395,3
3292202220,3
3288429390,3
3288436226,3
3288442728,3
3288446529,3
3288455900,3
3288456946,3
3288458873,3
3288460192,3
3288469047,3
3288469670,3
3288471192,3
3290815080,3
3290821620,3
3290824340,3
3290828902,3
3290840905,3
3290777129,3
3290781284,3
3290782952,3
3290787286,3
3290798641,3
3292587240,3
3288375286,3
3292447974,3
